Comb,N=1,N=2,N=4,N=16,N=32
1 1,0.156376,0.146855,0.146314,0.145795,0.147572
1 2,0.115999,0.114035,0.113999,0.115492,0.116947
1 4,0.505372,0.540743,0.453643,0.505863,0.511393
1 8,0.924363,0.992169,1.085180,0.984745,0.990391
2 1,0.230106,0.230837,0.230905,0.229685,0.230771
4 1,2.218503,2.085772,1.558773,2.047368,2.101583
8 1,8.053111,8.124066,8.758129,8.028728,7.885116