Comb,N=1,N=2,N=4,N=16,N=32
(1 1),0.148466,0.149063,0.149272,0.149095,0.150066
(1 2),0.116772,0.115164,0.116494,0.116640,0.117454
(1 4),0.491263,0.521128,0.516007,0.473953,0.492593
(1 8),0.835760,0.939041,0.768741,0.915106,0.839007
(2 1),0.232215,0.231878,0.230115,0.227919,0.237471
(4 1),2.041431,2.174866,2.150096,2.034971,2.091808
(8 1),7.082841,7.208748,7.460638,7.277695,8.029570